{"cameraMode":{"drawMode":0,"name":"Shaded","section":"Shading Mode"},"sceneLighting":false,"audioPlay":false,"sceneViewState":{"showFog":true,"showMaterialUpdate":false,"showSkybox":false,"showFlares":true,"showImageEffects":true,"showParticleSystems":true,"showVisualEffectGraphs":true,"m_FxEnabled":true},"in2DMode":false,"pivot":{"x":-0.05139533057808876,"y":0.4749775528907776,"z":-0.7001797556877136},"rotation":{"x":0.16159668564796449,"y":-0.005924613680690527,"z":0.0009702185052447021,"w":0.9868404865264893},"size":1.2247449159622193,"orthographic":false}