{"cameraMode":{"drawMode":0,"name":"Shaded","section":"Shading Mode"},"sceneLighting":true,"audioPlay":false,"sceneViewState":{"m_AlwaysRefresh":false,"showFog":true,"showSkybox":false,"showFlares":true,"showImageEffects":true,"showParticleSystems":true,"showVisualEffectGraphs":true,"m_FxEnabled":true},"in2DMode":false,"pivot":{"x":0.029702186584472657,"y":1.2649998664855958,"z":2.4188079833984377},"rotation":{"x":-0.1353994607925415,"y":-0.4689393639564514,"z":0.0728137269616127,"w":-0.8697795271873474},"size":12.64669132232666,"orthographic":false}