{"cameraMode":{"drawMode":0,"name":"Shaded","section":"Shading Mode"},"sceneLighting":true,"audioPlay":false,"sceneViewState":{"showFog":true,"showMaterialUpdate":false,"showSkybox":true,"showFlares":true,"showImageEffects":true,"showParticleSystems":true},"in2DMode":false,"pivot":{"x":456.5205078125,"y":211.1624755859375,"z":54.582054138183597},"rotation":{"x":-0.08811114728450775,"y":0.11389598995447159,"z":-0.010141770355403424,"w":-0.9895259737968445},"size":261.9877014160156,"orthographic":false}