{"cameraMode":{"drawMode":0,"name":"Shaded","section":"Shading Mode"},"sceneLighting":true,"audioPlay":false,"sceneViewState":{"showFog":true,"showMaterialUpdate":false,"showSkybox":true,"showFlares":true,"showImageEffects":true,"showParticleSystems":true},"in2DMode":false,"pivot":{"x":-57.01154327392578,"y":-21.886892318725587,"z":33.72511291503906},"rotation":{"x":0.17119106650352479,"y":-0.49381497502326968,"z":0.09984388202428818,"w":0.8466851115226746},"size":57.39263916015625,"orthographic":false}