{"cameraMode":{"drawMode":0,"name":"Shaded","section":"Shading Mode"},"sceneLighting":true,"audioPlay":false,"sceneViewState":{"showFog":true,"showMaterialUpdate":false,"showSkybox":true,"showFlares":true,"showImageEffects":true,"showParticleSystems":true},"in2DMode":false,"pivot":{"x":34.87013626098633,"y":245.30267333984376,"z":-91.41107177734375},"rotation":{"x":0.003092132741585374,"y":-0.7949424386024475,"z":-0.00405923742800951,"w":-0.6066901087760925},"size":222.27725219726563,"orthographic":false}