{"cameraMode":{"drawMode":0,"name":"Shaded","section":"Shading Mode"},"sceneLighting":true,"audioPlay":false,"sceneViewState":{"showFog":true,"showMaterialUpdate":false,"showSkybox":true,"showFlares":true,"showImageEffects":true,"showParticleSystems":true},"in2DMode":false,"pivot":{"x":597.29052734375,"y":452.30694580078127,"z":316.0587158203125},"rotation":{"x":-0.00030902252183295786,"y":-0.06236114725470543,"z":0.000018968026779475622,"w":-0.9980536699295044},"size":544.030517578125,"orthographic":false}