{"cameraMode":{"drawMode":0,"name":"Shaded","section":"Shading Mode"},"sceneLighting":true,"audioPlay":false,"sceneViewState":{"m_AlwaysRefresh":false,"showFog":true,"showSkybox":true,"showFlares":true,"showImageEffects":true,"showParticleSystems":true,"showVisualEffectGraphs":true,"m_FxEnabled":true},"in2DMode":false,"pivot":{"x":1.2857508659362794,"y":3.1483840942382814,"z":-1.7083206176757813},"rotation":{"x":-0.020039400085806848,"y":0.9699820876121521,"z":0.0857631266117096,"w":0.22658930718898774},"size":1.411921501159668,"orthographic":false}