{"cameraMode":{"drawMode":0,"name":"Shaded","section":"Shading Mode"},"sceneLighting":true,"audioPlay":false,"sceneViewState":{"showFog":true,"showMaterialUpdate":false,"showSkybox":true,"showFlares":true,"showImageEffects":true,"showParticleSystems":true},"in2DMode":false,"pivot":{"x":262.3570556640625,"y":-17.609750747680665,"z":439.3680419921875},"rotation":{"x":-0.08303961902856827,"y":-0.6997083425521851,"z":0.08248250931501389,"w":-0.7047935724258423},"size":43.09737777709961,"orthographic":false}