{"cameraMode":{"drawMode":0,"name":"Shaded","section":"Shading Mode"},"sceneLighting":true,"audioPlay":false,"sceneViewState":{"showFog":true,"showMaterialUpdate":false,"showSkybox":true,"showFlares":true,"showImageEffects":true,"showParticleSystems":true},"in2DMode":false,"pivot":{"x":-92.1529769897461,"y":-12.538331031799317,"z":-70.28923034667969},"rotation":{"x":0.05982683598995209,"y":-0.8794761300086975,"z":0.11479610204696655,"w":0.45815789699554446},"size":39.857147216796878,"orthographic":false}