{"cameraMode":{"drawMode":0,"name":"Shaded","section":"Shading Mode"},"sceneLighting":true,"audioPlay":false,"sceneViewState":{"showFog":true,"showMaterialUpdate":false,"showSkybox":true,"showFlares":true,"showImageEffects":true,"showParticleSystems":true},"in2DMode":false,"pivot":{"x":559.0023193359375,"y":266.79876708984377,"z":0.0},"rotation":{"x":0.013057328760623932,"y":-0.14141441881656648,"z":-0.0018653590232133866,"w":-0.9898632168769836},"size":322.389404296875,"orthographic":true}