{"cameraMode":{"drawMode":0,"name":"Shaded","section":"Shading Mode"},"sceneLighting":false,"audioPlay":false,"sceneViewState":{"showFog":true,"showMaterialUpdate":false,"showSkybox":false,"showFlares":true,"showImageEffects":true,"showParticleSystems":true,"showVisualEffectGraphs":true,"m_FxEnabled":true},"in2DMode":false,"pivot":{"x":0.30000001192092898,"y":0.008543521165847779,"z":1.4885305166244507},"rotation":{"x":-0.29719585180282595,"y":-0.3887547254562378,"z":0.12476654350757599,"w":-0.8607013821601868},"size":0.5326482057571411,"orthographic":false}