{"cameraMode":{"drawMode":0,"name":"Shaded","section":"Shading Mode"},"sceneLighting":true,"audioPlay":false,"sceneViewState":{"showFog":true,"showMaterialUpdate":false,"showSkybox":true,"showFlares":true,"showImageEffects":true,"showParticleSystems":true},"in2DMode":false,"pivot":{"x":19.72694969177246,"y":16.78158950805664,"z":7.298852920532227},"rotation":{"x":-0.05503427982330322,"y":-0.8714643716812134,"z":0.10057312995195389,"w":-0.47688034176826479},"size":38.765235900878909,"orthographic":true}