{"cameraMode":{"drawMode":0,"name":"Shaded","section":"Shading Mode"},"sceneLighting":false,"audioPlay":false,"sceneViewState":{"showFog":true,"showMaterialUpdate":false,"showSkybox":false,"showFlares":true,"showImageEffects":true,"showParticleSystems":true,"showVisualEffectGraphs":true,"m_FxEnabled":true},"in2DMode":false,"pivot":{"x":0.30000001192092898,"y":0.012792497873306275,"z":1.5749999284744263},"rotation":{"x":-0.29719585180282595,"y":-0.3887547254562378,"z":0.12476654350757599,"w":-0.8607013821601868},"size":1.0453705787658692,"orthographic":false}