{"cameraMode":{"drawMode":0,"name":"Shaded","section":"Shading Mode"},"sceneLighting":false,"audioPlay":false,"sceneViewState":{"m_AlwaysRefresh":false,"showFog":true,"showSkybox":true,"showFlares":true,"showImageEffects":true,"showParticleSystems":true,"showVisualEffectGraphs":true,"m_FxEnabled":true},"in2DMode":false,"pivot":{"x":291.3017272949219,"y":108.17536926269531,"z":365.2665100097656},"rotation":{"x":0.020701410248875619,"y":0.6563754081726074,"z":-0.026309825479984285,"w":0.7547956109046936},"size":12.052393913269043,"orthographic":false}