{"cameraMode":{"drawMode":0,"name":"Shaded","section":"Shading Mode"},"sceneLighting":false,"audioPlay":false,"sceneViewState":{"m_AlwaysRefresh":false,"showFog":true,"showSkybox":true,"showFlares":true,"showImageEffects":true,"showParticleSystems":true,"showVisualEffectGraphs":true,"m_FxEnabled":true},"in2DMode":false,"pivot":{"x":654.477294921875,"y":136.6829376220703,"z":430.9661865234375},"rotation":{"x":0.012391231954097748,"y":0.9601383209228516,"z":0.06679888069629669,"w":-0.27421504259109499},"size":12.052393913269043,"orthographic":false}