{"cameraMode":{"drawMode":0,"name":"Shaded","section":"Shading Mode"},"sceneLighting":true,"audioPlay":false,"sceneViewState":{"m_AlwaysRefresh":false,"showFog":true,"showSkybox":true,"showFlares":true,"showImageEffects":true,"showParticleSystems":true,"showVisualEffectGraphs":true,"m_FxEnabled":true},"in2DMode":false,"pivot":{"x":410.7974548339844,"y":92.17255401611328,"z":463.06573486328127},"rotation":{"x":-0.03725726902484894,"y":0.9531314969062805,"z":0.2681335210800171,"w":0.13621772825717927},"size":1.6237002611160279,"orthographic":false}