{"cameraMode":{"drawMode":0,"name":"Shaded","section":"Shading Mode"},"sceneLighting":false,"audioPlay":false,"sceneViewState":{"m_AlwaysRefresh":false,"showFog":true,"showSkybox":true,"showFlares":true,"showImageEffects":true,"showParticleSystems":true,"showVisualEffectGraphs":true,"m_FxEnabled":true},"in2DMode":false,"pivot":{"x":405.543701171875,"y":116.84710693359375,"z":465.95172119140627},"rotation":{"x":0.010192768648266793,"y":0.8530262112617493,"z":-0.02527337707579136,"w":0.522567629814148},"size":0.9281196594238281,"orthographic":false}