{"cameraMode":{"drawMode":0,"name":"Shaded","section":"Shading Mode"},"sceneLighting":true,"audioPlay":false,"sceneViewState":{"m_AlwaysRefresh":false,"showFog":true,"showSkybox":true,"showFlares":true,"showImageEffects":true,"showParticleSystems":true,"showVisualEffectGraphs":true,"m_FxEnabled":true},"in2DMode":false,"pivot":{"x":618.2888793945313,"y":153.01748657226563,"z":491.0880126953125},"rotation":{"x":0.14645764231681825,"y":-0.8533520102500916,"z":0.3558708429336548,"w":0.35244977474212649},"size":0.2728216350078583,"orthographic":false}