{"cameraMode":{"drawMode":0,"name":"Shaded","section":"Shading Mode"},"sceneLighting":true,"audioPlay":false,"sceneViewState":{"m_AlwaysRefresh":false,"showFog":true,"showSkybox":true,"showFlares":true,"showImageEffects":true,"showParticleSystems":true,"showVisualEffectGraphs":true,"m_FxEnabled":true},"in2DMode":false,"pivot":{"x":307.1042785644531,"y":105.03609466552735,"z":442.2805480957031},"rotation":{"x":0.20469245314598084,"y":-0.13036228716373444,"z":-0.028187930583953859,"w":-0.9698830842971802},"size":10.128288269042969,"orthographic":false}