{"cameraMode":{"drawMode":0,"name":"Shaded","section":"Shading Mode"},"sceneLighting":true,"audioPlay":false,"sceneViewState":{"m_AlwaysRefresh":false,"showFog":true,"showSkybox":true,"showFlares":true,"showImageEffects":true,"showParticleSystems":true,"showVisualEffectGraphs":true,"m_FxEnabled":true},"in2DMode":false,"pivot":{"x":244.35317993164063,"y":98.00708770751953,"z":431.0590515136719},"rotation":{"x":0.011746236123144627,"y":0.9490391612052918,"z":-0.3132172226905823,"w":0.03448088467121124},"size":57.75965118408203,"orthographic":false}