{"cameraMode":{"drawMode":0,"name":"Shaded","section":"Shading Mode"},"sceneLighting":true,"audioPlay":false,"sceneViewState":{"m_AlwaysRefresh":false,"showFog":true,"showSkybox":true,"showFlares":true,"showImageEffects":true,"showParticleSystems":true,"showVisualEffectGraphs":true,"m_FxEnabled":true},"in2DMode":false,"pivot":{"x":641.3884887695313,"y":223.74188232421876,"z":378.524658203125},"rotation":{"x":0.12291641533374787,"y":-0.20019574463367463,"z":0.025676101446151735,"w":0.9718008041381836},"size":0.8660253882408142,"orthographic":false}