{"cameraMode":{"drawMode":0,"name":"Shaded","section":"Shading Mode"},"sceneLighting":true,"audioPlay":false,"sceneViewState":{"m_AlwaysRefresh":false,"showFog":true,"showSkybox":true,"showFlares":true,"showImageEffects":true,"showParticleSystems":true,"showVisualEffectGraphs":true,"m_FxEnabled":true},"in2DMode":false,"pivot":{"x":81.82090759277344,"y":101.49732208251953,"z":440.38946533203127},"rotation":{"x":-0.02848518081009388,"y":-0.48442623019218447,"z":0.015212621539831162,"w":-0.8742883801460266},"size":0.5681102275848389,"orthographic":false}